epoch,lr,Train loss,Validation loss,Accuracy,IoU,Precision,Recall,Dice,AUC
0,0.01,0.15524262189865112,0.0771787241101265,0.969638466835022,0.9162627458572388,0.928178608417511,0.9862298965454102,0.9556162357330322,0.995986819267273
1,0.006666666666666668,0.06666100770235062,0.05955169349908829,0.9787137508392334,0.9401162266731262,0.9538834095001221,0.9849153161048889,0.9686505198478699,0.9971249103546143
2,0.003333333333333334,0.05712300166487694,0.05584558844566345,0.9793009757995605,0.9421302080154419,0.9523797035217285,0.9886820912361145,0.9696698784828186,0.9973650574684143
