statistic,Accuracy,IoU,Precision,Recall,Dice,AUC
mean,0.9531556278467178,0.687309867143631,0.8222786545753479,0.814844959974289,0.8142703324556351,0.978937408977164
std,0.004867825991337212,0.0317582047330773,0.05106825051811136,0.07233280232103954,0.022996582629023703,0.005916317848699556
min,0.9364497661590576,0.5835510492324829,0.7470848560333252,0.6112327575683594,0.7370157837867737,0.967502938469476
50%,0.9540270864963531,0.6847671568393707,0.8254173398017883,0.8296745121479034,0.8128919005393982,0.9773871157821477
max,0.9586576819419861,0.7460470795631409,0.9279811382293701,0.9344465732574463,0.8545554876327515,0.9887866785497735
